date,url,id,text,deleted
2022-02-28,https://web.archive.org/web/20220228134956/https://twitter.com/MartiniGuyYT/status/1498294343882395648,1498294343882395600,"@evai_io   HAS RUG PULLED  The management of EVAI have blamed Simon Reid  I believe this to be true, Simon has a huge ego, he seemed very jealous he had to work for money in an industry where people create their own  I have first had experience of these people pic.twitter.com/zjmMdREfC0",TRUE
2022-02-28,https://web.archive.org/web/20220228132613/https://twitter.com/MartiniGuyYT/status/1498288389359124484,1498288389359124500,EMERGENCY CRYPTO NEWS ğŸš¨:  Simon Reid of  @evai_io  allegedly just rug pulled the project stealing thousands of dollars  SIMON YOU SELFISH BALD PLEB ğŸ‘©â€ğŸ¦². ENJOY YOUR LIFE ON A WANTED LIST ASSUMING YOU DID THIS.  Evai also owe me thousands of dollars in unpaid consulting work.,TRUE
2022-02-25,https://web.archive.org/web/20220225164412/https://twitter.com/MartiniGuyYT/status/1497250883960283184,1497250883960283100,"Iâ€™m baffled  So many people unwilling to stick up for other humans because they believe it is not their problem  If a man comes in your house, destroys it, then puts a gun to your head and asks you to sign it over  Would you not like some support to stop this?",TRUE
2022-02-25,https://web.archive.org/web/20220225164336/https://twitter.com/MartiniGuyYT/status/1497249538465316866,1497249538465316900,Sanctions take years to take effect. They are a useless tool when trying to preserve life urgently.,TRUE
2022-02-25,https://web.archive.org/web/20220225163324/https://twitter.com/MartiniGuyYT/status/1497248237878759425,1497248237878759400,"Why war?  Poland ğŸ‡µğŸ‡±  Belarus ğŸ‡§ğŸ‡¾   They are next  The Russian invasion will keep going, Hitler didnâ€™t stop, Putin is no different.",TRUE
2022-02-25,https://web.archive.org/web/20220225163027/https://twitter.com/MartiniGuyYT/status/1497247602227744769,1497247602227744800,Sanctions are not enough  @BorisJohnson    UK ğŸ‡¬ğŸ‡§  Europe ğŸ‡ªğŸ‡º USA ğŸ‡ºğŸ‡¸   Should declare war on Russia ğŸ‡·ğŸ‡º   There cannot be diplomacy if one side will not be diplomatic...,TRUE
2022-02-25,https://web.archive.org/web/20220225162617/https://twitter.com/MartiniGuyYT/status/1497246510819520515,1497246510819520500,Ğ‘Ğ»ÑĞ´ÑŒ putin,TRUE
2022-02-24,https://web.archive.org/web/20220224171611/https://twitter.com/MartiniGuyYT/status/1496896685498380288,1496896685498380300,"This is not a statement targeted at Average russians, Iâ€™m taking about Oligarchs and Abromoviches  People that profited from the fall of USSR and store all their money in Luxury london houses but never live there",TRUE
2022-02-24,https://web.archive.org/web/20220224170218/https://twitter.com/MartiniGuyYT/status/1496893198374948868,1496893198374948900,"He is in politics, why is he trading on the side? do you not want your politicians to represent your best interest instead of focusing on getting rich?",TRUE
2022-02-24,https://web.archive.org/web/20220224165854/https://twitter.com/MartiniGuyYT/status/1496892360306966533,1496892360306966500,Source: https://www.telegraph.co.uk/business/2022/01/30/rees-mogg-hedge-fund-offloads-russian-bank-shares-ukraine-tensions/,TRUE
2022-02-24,https://web.archive.org/web/20220224165719/https://twitter.com/MartiniGuyYT/status/1496891983327019016,1496891983327019e3,BREAKING: OUR SCUMBAG POLITICAL LEADER JACOB REES MOG INSIDER TRADED THE RUSSIAN WAR DUMPING STOCKS IN RUSSIAN BANKS DAYS BEFORE SANCTIONS ON THESE BANKS WERE ANNOUNCED. ğŸ‡·ğŸ‡ºğŸ‡¬ğŸ‡§ğŸ¤®  END THIS CORRUPTION.,TRUE
2022-02-24,https://web.archive.org/web/20220224165023/https://twitter.com/MartiniGuyYT/status/1496890240555958272,1496890240555958300,"BOMB PUTINS DACHA, ERASE HIS RETIREMENT HOME.  AND BAN  @Russia  https://en.wikipedia.org/wiki/Putin%27s_Palace",TRUE
2022-02-24,https://web.archive.org/web/20220224165105/https://twitter.com/MartiniGuyYT/status/1496889799726321668,1496889799726321700,"MATT, IF YOU STAND WITH UKRAINE. GO TO WAR WITH RUSSIA.  WORDS MEAN NOTHING.  THE LEAST YOU COULD DO IS BOMB HIS DACHA https://en.wikipedia.org/wiki/Putin%27s_Palace",TRUE
2022-02-24,https://web.archive.org/web/20220224164713/https://twitter.com/MartiniGuyYT/status/1496889415481761807,1496889415481761800,SO DROP A NUKE ON THE KREMLIN THEN,TRUE
2022-02-24,https://web.archive.org/web/20220224163054/https://twitter.com/MartiniGuyYT/status/1496885313112887298,1496885313112887300,https://twitter.com/MartiniGuyYT/status/1496775153111511049?s=20&t=RodSENKWnCfnHVeB7zQbqg,TRUE
2022-02-24,https://web.archive.org/web/20220224162750/https://twitter.com/MartiniGuyYT/status/1496884567596175363,1496884567596175400,@KremlinRussia_E  is a scumbag,TRUE
2022-02-11,https://web.archive.org/web/20220211000114/https://twitter.com/MartiniGuyYT/status/1491924968753578007,1491924968753578e3,ALERT!ğŸ”¥  PRICE SURGE AFTER INFLATION HITS 7.5%! ALTCOIN & CRYPTO NEWS!  In Todays Video: - News - Altcoins - Bitcoin and Ethereum Analysis  ğŸ’° WATCH THIS VIDEO ğŸ’°  â¬‡ï¸ LINK BELOW â¬‡ï¸ https://youtu.be/Uav9LjOkKDg,TRUE
2022-02-08,https://web.archive.org/web/20220208103917/https://twitter.com/MartiniGuyYT/status/1490997369399554052,1490997369399554e3,"I said a lot of dumb stuff when i was 15  The world was a lot more edgy 10 years ago  Your CEO should resign for being a wooly woofter, grow up, times change, so do people, if you canâ€™t understand that then you shouldnâ€™t be running a company, your HR department sucks",TRUE
2022-02-06,https://web.archive.org/web/20220206115538/https://twitter.com/MartiniGuyYT/status/1490293060932182021,1490293060932182e3,LIKE â¤ï¸ THIS TWEET IF  @Bybit_Official  SHOULD ALLOW YOU TO SHORT  #NFTS  ğŸ˜‰,TRUE
2022-02-03,https://web.archive.org/web/20220203013734/https://twitter.com/MartiniGuyYT/status/1489050244021202951,1489050244021203e3,ğŸ’ª ğŸ¤š   Donâ€™t ignore the changing tide in  #Crypto   Its picking up again,TRUE
2022-01-31,https://web.archive.org/web/20220131185616/https://twitter.com/MartiniGuyYT/status/1488224500990857219,1488224500990857200,How about this name haha ğŸ˜‚,TRUE
2022-01-31,https://web.archive.org/web/20220131185103/https://twitter.com/MartiniGuyYT/status/1488222722815627268,1488222722815627300,HEY! I'M TMG!  Who is That Martini Guy?,TRUE
2022-01-28,https://web.archive.org/web/20220128174247/https://twitter.com/MartiniGuyYT/status/1487118686573973516,1487118686573973500,"This picture of a monkey just sold for $17.7M  It is known as Mega Mutant Ape #6942  I will never understand why, you can create a lot more value with that kind of capital, why buy a randomly generated picture of a money? pic.twitter.com/79FZrgTZrW",TRUE
2022-01-23,https://web.archive.org/web/20220123200623/https://twitter.com/MartiniGuyYT/status/1485343136469684224,1485343136469684200,"MY DAD JUST SOLD HIS  #USDC  FOR   My dad is a great trader to be fair, his long term vision is historically very accurate!!",TRUE
2022-01-23,https://web.archive.org/web/20220123190631/https://twitter.com/MartiniGuyYT/status/1485327509088620545,1485327509088620500,"If you know, or just google, then youâ€™ll know ğŸ˜‰  Can take a boy out of yorkshireâ€¦",TRUE
2022-01-23,https://web.archive.org/web/20220123190631/https://twitter.com/MartiniGuyYT/status/1485327509088620545,1485327509088620500,Its going in my new studio! ğŸ¤©,TRUE
2022-01-23,https://web.archive.org/web/20220123190631/https://twitter.com/MartiniGuyYT/status/1485327509088620545,1485327509088620500,I bought something cooler than an NFT ğŸš€  I bought it because it is very much a reflection of my biggest problem when trading ğŸ˜‚ pic.twitter.com/DIBrAzelFe,TRUE
2022-01-20,https://web.archive.org/web/20220120215254/https://twitter.com/MartiniGuyYT/status/1484282662198067208,1484282662198067200,TONIGHTS  VIDEO GOES LIVE AT 11PM (ISH),TRUE
2022-01-20,https://web.archive.org/web/20220120200000/https://twitter.com/MartiniGuyYT/status/1484254371827310592,1484254371827310600,BULLISH,TRUE
2022-01-20,https://web.archive.org/web/20220120101758/https://twitter.com/MartiniGuyYT/status/1484107667417219073,1484107667417219e3,Iâ€™m following 20 Subscribers ğŸ’  - Like this post â¤ï¸ - Comment why should i follow you? ğŸ‘‡,TRUE
2022-01-16,https://web.archive.org/web/20220116221720/https://twitter.com/MartiniGuyYT/status/1482839370449235977,1482839370449236e3,BULLISH ON LIFE ğŸš€ğŸ“ˆ pic.twitter.com/QCBO95fscN,TRUE
2022-01-14,https://web.archive.org/web/20220114161105/https://twitter.com/MartiniGuyYT/status/1482021904110305283,1482021904110305300,#CRYPTO  IS THE PLACE TO BE ğŸ§‘â€ğŸš€ğŸ“ˆ  Deflationary currency is giving power to the people!!,TRUE
2022-01-12,https://web.archive.org/web/20220112175932/https://twitter.com/MartiniGuyYT/status/1481324689565827074,1481324689565827e3,The past 12 months i can confirm we have had 45  #Altcoin  seasons according to my overzealous tweeting  I think another one is around the corner ğŸ˜‚ğŸ“ˆğŸš€,TRUE
2022-01-05,https://web.archive.org/web/20220105183244/https://twitter.com/MartiniGuyYT/status/1478796575631626241,1478796575631626200,BEARS GETTING REKT  EXACTLY AS PREDICTED ğŸš€âœ…,TRUE
2021-12-29,https://web.archive.org/web/20211229133722/https://twitter.com/MartiniGuyYT/status/1476165694601535494,1476165694601535500,"My best trade of 2021 was  #MATIC   Made $10m+ trading Matic this year, Matic is actually what iâ€™m using to fund my  @CryptoSavingExp  venture!!  How? I bought a lot at $0.03 and sold the tops and bought the bottoms, swings have been wild!!  Started with $40,000 into it in January!!",TRUE
2021-12-22,https://web.archive.org/web/20211222173201/https://twitter.com/MartiniGuyYT/status/1473707686797717513,1473707686797717500,300 â¤ï¸ LIKES AND I START TODAYS  LIVESTREAM!!,TRUE
2021-12-12,https://web.archive.org/web/20211212182605/https://twitter.com/MartiniGuyYT/status/1470097491815247872,1.4700974918152479e+18,"Bullish weekend ahead!! ğŸš€  Had a great time in the middle east, iâ€™m back to work on Sunday ğŸ”¥",TRUE
2021-11-20,https://web.archive.org/web/20211120110955/https://twitter.com/MartiniGuyYT/status/1462015273716883457,1462015273716883500,"Iâ€™ll buy it, Â£50, final offer, ill make a steak and kidney pie ğŸ¥§ pic.twitter.com/el1v0UFdik",TRUE
2021-11-10,https://web.archive.org/web/20211110114253/https://twitter.com/MartiniGuyYT/status/1458399761959198725,1458399761959198700,"BUR SER DOES THIS MEAN WE DUMP  No, i kind of expect #Bitcoin to range sideways and possibly altcoins get another leg up ğŸš€",TRUE
2021-10-30,https://web.archive.org/web/20211030182133/https://twitter.com/MartiniGuyYT/status/1454513803345940481,1454513803345940500,It just gets bigger and smaller,TRUE
2021-10-30,https://web.archive.org/web/20211030181242/https://twitter.com/MartiniGuyYT/status/1454511499804921859,1454511499804921900,I bought this table that has gears!  Crazy table!! It is so cool! pic.twitter.com/ji68cxsSIK,TRUE
2021-10-29,https://web.archive.org/web/20211029091734/https://twitter.com/MartiniGuyYT/status/1454014500609445891,1454014500609446e3,Will  $UMB  break $1 today?,TRUE
2021-10-28,https://web.archive.org/web/20211028203551/https://twitter.com/MartiniGuyYT/status/1453822651873570821,1453822651873570800,"I think we need part 2, post bullmarket edition pic.twitter.com/YsGsCVROXU",TRUE
2021-10-28,https://web.archive.org/web/20211028193700/https://twitter.com/MartiniGuyYT/status/1453805439083221000,1453805439083221e3,https://www.expressvpn.com/martiniguy,TRUE
2021-10-28,https://web.archive.org/web/20211028191955/https://twitter.com/MartiniGuyYT/status/1453799538255347715,1453799538255347700,EMERGENCY  VIDEO INCOMING,TRUE
2021-10-28,https://web.archive.org/web/20211028185350/https://twitter.com/MartiniGuyYT/status/1453793098014892032,1453793098014892e3,"Without Mental torture from my living reality i wouldn't have the same mental strength and would likely have given up on my journey  Much like ""strong"" people lift weight, you can do the same with your brain  So thanks for ruining my life for a while guys, it worked out well haha",TRUE
2021-10-28,https://web.archive.org/web/20211028185350/https://twitter.com/MartiniGuyYT/status/1453793098014892032,1453793098014892e3,"We all have a point in our lives where a clear pivot can be drawn  I was basically mentally tortured for 6 months of my life back then, that gave me insane mental strength  This is why taking financial risks does not phase me at all. If you don't die, its fine, get up & move on.",TRUE
2021-10-28,https://web.archive.org/web/20211028185350/https://twitter.com/MartiniGuyYT/status/1453793098014892032,1453793098014892e3,Should i make a  #Crypto  Christmas music video like i did in 2018? ğŸ˜‚ pic.twitter.com/KO4oDog505,TRUE
2021-10-28,https://web.archive.org/web/20211028182412/https://twitter.com/MartiniGuyYT/status/1453786697813090304,1453786697813090300,my big holdings i explain in my youtube videos,TRUE
2021-10-28,https://web.archive.org/web/20211028182412/https://twitter.com/MartiniGuyYT/status/1453786697813090304,1453786697813090300,I can't answer this because people will just mindlessly buy whatever i type sorry,TRUE
2021-10-28,https://web.archive.org/web/20211028181717/https://twitter.com/MartiniGuyYT/status/1453785291479830532,1453785291479830500,I bought $200k of  #Altcoins  today ğŸš€  Tomorrow i will make a video about it!!,TRUE
2021-10-28,https://web.archive.org/web/20211028130700/https://twitter.com/MartiniGuyYT/status/1453709739616096264,1453709739616096300,"I have started using Bybit to trade Altcoins  They allow 2 BTC per day with 0 KYC  Binance allows 0.06BTC per day  Bybit launched so many really nice altcoins, you should make an account and have a look for yourself! ğŸ‘‰  https://partner.bybit.com/b/TMGYT  ğŸ‘ˆ",TRUE
2021-10-28,https://web.archive.org/web/20211028130258/https://twitter.com/MartiniGuyYT/status/1453708601294565376,1453708601294565400,SAFE AND SECURE!! Now lets 100x this adoption! ğŸ¥‚,TRUE
2021-10-28,https://web.archive.org/web/20211028125400/https://twitter.com/MartiniGuyYT/status/1453706534861553667,1453706534861553700,"THEN ME AND  @MichaelSuppo  CAN FINALLY FIGHT, but just for fun ğŸ’ªğŸš€",TRUE
2021-10-28,https://web.archive.org/web/20211028094921/https://twitter.com/MartiniGuyYT/status/1453660072651935746,1453660072651935700,Your twitter,TRUE
2021-10-28,https://web.archive.org/web/20211028075447/https://twitter.com/MartiniGuyYT/status/1453631248899919874,1.4536312488999199e+18,ğŸ˜‚,TRUE
2021-10-28,https://web.archive.org/web/20211028075238/https://twitter.com/MartiniGuyYT/status/1453630708019302405,1453630708019302400,Thankyou  #Shib   Good doggo ğŸ¶ pic.twitter.com/zEb2x9gbmT,TRUE
2021-10-27,https://web.archive.org/web/20211027213040/https://twitter.com/MartiniGuyYT/status/1453474141768765455,1453474141768765400,$0.00,TRUE
2021-10-27,https://web.archive.org/web/20211027203803/https://twitter.com/MartiniGuyYT/status/1453456787181539343,1453456787181539300,CHANGING LIVES WITH  #CRYPTO   ğŸ¥‚ https://twitter.com/BlogasJoe/status/1453383343496744964,TRUE
2021-10-27,https://web.archive.org/web/20211027203710/https://twitter.com/MartiniGuyYT/status/1453456484008931341,1453456484008931300,"I have a Chef, why? Not from buying meme coins  From buying high quality projects and taking a long term approach!!",TRUE
2021-10-27,https://web.archive.org/web/20211027203710/https://twitter.com/MartiniGuyYT/status/1453456484008931341,1453456484008931300,My Chef is making Mexican tonight  Not something i thought i would ever say,TRUE
2021-10-27,https://web.archive.org/web/20211027203336/https://twitter.com/MartiniGuyYT/status/1453455229186416646,1453455229186416600,I'M HOLDING MY  $SHIB  SHORT ğŸ¥‚ pic.twitter.com/sw4M7LRotZ,TRUE
2021-10-27,https://web.archive.org/web/20211027203049/https://twitter.com/MartiniGuyYT/status/1453454306942885895,1453454306942886e3,My twitter is on FIRE today ğŸ“ˆğŸ¥‚  What a fun evening!  $SHIB  VIDEO SOON!,TRUE
2021-10-27,https://web.archive.org/web/20211027202827/https://twitter.com/MartiniGuyYT/status/1453453586252378114,1453453586252378e3,to make money pic.twitter.com/f8lR9pasIg,TRUE
2021-10-27,https://web.archive.org/web/20211027202827/https://twitter.com/MartiniGuyYT/status/1453453586252378114,1453453586252378e3,SHORTING RIGHT NOW ON BYBIT https://partner.bybit.com/b/TMGYT,TRUE
2021-10-27,https://web.archive.org/web/20211027202827/https://twitter.com/MartiniGuyYT/status/1453453586252378114,1453453586252378e3,I AM A HUGE FAN OF  #SHIB    SO MUCH DOWNSIDE POTENTIAL WILL MAKE SO MANY POOR PEOPLE RICH!!,TRUE
2021-10-27,https://web.archive.org/web/20211027201246/https://twitter.com/MartiniGuyYT/status/1453450093521215493,1453450093521215500,"my job is literally to point out opportunities to normal people that could give them a leg up  i dont care about the coin, i have a short, i have a strong interest that shib crashes, im shorting to make money, not to annoy shib holders",TRUE
2021-10-27,https://web.archive.org/web/20211027201041/https://twitter.com/MartiniGuyYT/status/1453449583309242369,1453449583309242400,$SHIB  PROFITS FLOWING INTO  ğŸ‘€ğŸ“ˆ,TRUE
2021-10-27,https://web.archive.org/web/20211027200729/https://twitter.com/MartiniGuyYT/status/1453448901382529029,1453448901382529e3,$SHIB  TO -$1,TRUE
2021-10-27,https://web.archive.org/web/20211027200556/https://twitter.com/MartiniGuyYT/status/1453448580111421440,1453448580111421400,"i cashed in 50% at break even, increased my liquidity adding more margin, increased size of trade again, entry now 0.082514 3x cross leverage short",TRUE
2021-10-27,https://web.archive.org/web/20211027195844/https://twitter.com/MartiniGuyYT/status/1453446580565118976,1453446580565119e3,$80k and entry point of 0.082514,TRUE
2021-10-27,https://web.archive.org/web/20211027200112/https://twitter.com/MartiniGuyYT/status/1453447292984377349,1453447292984377300,Lobotomised Bafoons,TRUE
2021-10-27,https://web.archive.org/web/20211027195927/https://twitter.com/MartiniGuyYT/status/1453446737138421769,1453446737138421800,i added more liquidity,TRUE
2021-10-27,https://web.archive.org/web/20211027195844/https://twitter.com/MartiniGuyYT/status/1453446580565118976,1453446580565119e3,i added more liquidity and increased the size of my trade thus upping my liquidation point and increasing the overall risk,TRUE
2021-10-27,https://web.archive.org/web/20211027194936/https://twitter.com/MartiniGuyYT/status/1453444512353763330,1453444512353763300,"MY  $SHIB  SHORT NOW $16,000 IN PROFIT!!   https://partner.bybit.com/b/TMGYT  pic.twitter.com/F6zJZi9Zah",TRUE
2021-10-27,https://web.archive.org/web/20211027192425/https://twitter.com/MartiniGuyYT/status/1453438904691007493,1453438904691007500,EMERGENCY  $SHIB  VIDEO WITH MY LAMBO TONIGHT!,TRUE
2021-10-27,https://web.archive.org/web/20211027192232/https://twitter.com/MartiniGuyYT/status/1453438291626369024,1453438291626369e3,I'M SHORTING  $SHIB  HERE â¬‡ï¸   https://partner.bybit.com/b/TMGYT  https://twitter.com/MartiniGuyYT/status/1453437219251884040,TRUE
2021-10-27,https://web.archive.org/web/20211027191845/https://twitter.com/MartiniGuyYT/status/1453437219251884040,1453437219251884e3,BE VERY CAREFUL TRADING  $SHIB !!!,TRUE
2021-10-27,https://web.archive.org/web/20211027180148/https://twitter.com/MartiniGuyYT/status/1453419193429381125,1453419193429381e3,I either lose $20k or i make $100k tonight ğŸ‘€,TRUE
2021-10-27,https://web.archive.org/web/20211027180148/https://twitter.com/MartiniGuyYT/status/1453419193429381125,1453419193429381e3,"I'm $200,000 short on  #SHIB    10x on $20k  LETS GO ğŸš€ğŸ“‰ğŸš€  https://twitter.com/MartiniGuyYT/status/1453417679520419841  pic.twitter.com/AJ9cKOcHFc",TRUE
2021-10-27,https://web.archive.org/web/20211027175630/https://twitter.com/MartiniGuyYT/status/1453417679520419841,1453417679520419800,YOU CAN NOW SHORT  #SHIB  ON BYBIT!!  Here is my affiliate link if you want to support my channel! â¬‡ï¸â¬‡ï¸  https://partner.bybit.com/b/TMGYT  https://twitter.com/MartiniGuyYT/status/1453413232291504139,TRUE
2021-10-27,https://web.archive.org/web/20211027173612/https://twitter.com/MartiniGuyYT/status/1453413441302106112,1453413441302106e3,HOLY MOLY LETS PLAY!! ğŸš€,TRUE
2021-10-27,https://web.archive.org/web/20211027173612/https://twitter.com/MartiniGuyYT/status/1453413441302106112,1453413441302106e3,Hey  @Bybit_Official  can you list  #SHIB  ğŸ“‰ğŸ˜  We can all get rich by shorting this trash together ğŸš€ğŸ”¥,TRUE
2021-10-27,https://web.archive.org/web/20211027173332/https://twitter.com/MartiniGuyYT/status/1453412716790550528,1453412716790550500,ğŸš€ğŸš€ğŸš€ğŸš€,TRUE
2021-10-27,https://web.archive.org/web/20211027155822/https://twitter.com/MartiniGuyYT/status/1453386138555719688,1453386138555719700,"I find it amazing how many people have made lifechanging wealth from watching my videos about  #cryptocurrency    It is crazy, well done!!! ğŸš€ğŸ¥‚",TRUE
2021-10-27,https://web.archive.org/web/20211027154706/https://twitter.com/MartiniGuyYT/status/1453382985894477825,1453382985894477800,You can achieve anything you want to  But nobody will help you get to where you want to be  You have to help yourself!,TRUE
2021-10-27,https://web.archive.org/web/20211027121151/https://twitter.com/MartiniGuyYT/status/1453333524619141127,1453333524619141e3,"Will  go to $53,000 this week?  I think there is a high chance we see $53,000 before more all time highs",TRUE
2021-10-27,https://web.archive.org/web/20211027112821/https://twitter.com/MartiniGuyYT/status/1453322544484864010,1453322544484864e3,You must take risks in order to get rewards  Good things donâ€™t come easy ğŸš€,TRUE
2021-10-27,https://web.archive.org/web/20211027101603/https://twitter.com/MartiniGuyYT/status/1453304389913956357,1453304389913956400,"those that research will find it, its a coin i have talked about in the past a lot!",TRUE
2021-10-27,https://web.archive.org/web/20211027083242/https://twitter.com/MartiniGuyYT/status/1453278425116971017,1453278425116971e3,"The  @Independent  is a sh*t news organisation  Doesnâ€™t look like a crash to me, just price consolidation pic.twitter.com/px97qKBrRA",TRUE
2021-10-21,https://web.archive.org/web/20211021182528/https://twitter.com/MartiniGuyYT/status/1451253265493016577,1451253265493016600,"I JUST USED  TO SWAP USDT FOR USDT AND DIDN'T GET RIPPED OFF BY GAS FEES!  I think i will start trying to use solana more, i really like the ecosystem of products!",TRUE
2021-10-21,https://web.archive.org/web/20211021122750/https://twitter.com/MartiniGuyYT/status/1451163247189676040,1451163247189676e3,RIDE Â BEARS LIKE THE DONKEYS THEY AREğŸš€ pic.twitter.com/9JJX4sy3u5,TRUE
2021-10-21,https://web.archive.org/web/20211021122505/https://twitter.com/MartiniGuyYT/status/1451162515698864132,1.4511625156988641e+18,ğŸ˜‚ğŸ˜‚ğŸ˜‚ SO TRUE   But eventually you learn and grow ğŸš€ pic.twitter.com/mJxyafKVUe,TRUE
2021-10-14,https://web.archive.org/web/20211014112740/https://twitter.com/MartiniGuyYT/status/1448611404337061890,1448611404337062e3,Emergency  and  #Ethereum  livestream https://youtu.be/CAKxytYIv_Y,TRUE
2021-10-04,https://web.archive.org/web/20211004191856/https://twitter.com/MartiniGuyYT/status/1445085866603470965,1445085866603470800,I JUST LONGED   #ETHEREUM   #XRP  &    LETS GO ğŸš€,TRUE
2021-10-04,https://web.archive.org/web/20211004202503/https://twitter.com/MartiniGuyYT/status/1445065501823184897,1445065501823185e3,"GETTING SENT TO $50,000 ğŸš€ğŸ˜",TRUE
2021-10-04,https://web.archive.org/web/20211004203356/https://twitter.com/MartiniGuyYT/status/1445051872423956491,1445051872423956500,"Work hard, invest smart, build cool stuff ğŸš€  I plan to do this to my house ğŸ¡   Why? Well, why not? ğŸ“ˆğŸ’ª pic.twitter.com/RoerM2ZSTB",TRUE
2021-09-28,https://web.archive.org/web/20210928114028/https://twitter.com/MartiniGuyYT/status/1442816179282788362,1442816179282788400,Iâ€™m spotting signs of short term  downtrend reversing ğŸ‘€ğŸ‘€,TRUE
2021-09-27,https://web.archive.org/web/20210927130014/https://twitter.com/MartiniGuyYT/status/1442474084525350912,1442474084525351e3,Remember Windows Vista ğŸ˜‚  My first laptop was windows vista  It was so bad i saved for 2 years and bought a macbook  It was on that macbook I discovered  ğŸš€ğŸš€ https://twitter.com/windowsuk/status/1438130793784627200,TRUE
2021-09-13,https://web.archive.org/web/20210913182651/https://twitter.com/MartiniGuyYT/status/1437434510040313865,1437434510040313900,"This weekend i went to visit my old office!!   I had a terrible boss & hated my job!  On April 1st 2019 i handed in my notice  On May 1st 2019 i was unemployed  By December 2019 i had earned about $400,000  By December 2020 iâ€™m a multi millionaire  LIVE YOUR DREAMS! BUY  pic.twitter.com/xxROlrua46",TRUE
2021-09-13,https://web.archive.org/web/20210913081411/https://twitter.com/MartiniGuyYT/status/1437328600294989824,1437328600294989800,4 days into my  #EGLD  trade and its doubled in value ğŸ˜‚ğŸ˜ğŸš€  GOGO  @ElrondNetwork !! https://twitter.com/martiniguyyt/status/1435894598610608133,TRUE
2021-09-11,https://web.archive.org/web/20210911234330/https://twitter.com/MartiniGuyYT/status/1436837818345697283,1436837818345697300,ğŸ˜‚,TRUE
2021-09-11,https://web.archive.org/web/20210911222207/https://twitter.com/MartiniGuyYT/status/1436817324527472648,1436817324527472600,My  Bentley ğŸ˜ğŸš€ pic.twitter.com/5GqQ2jA1eR,TRUE
2021-09-09,https://web.archive.org/web/20210909130241/https://twitter.com/MartiniGuyYT/status/1435894598610608133,1.4358945986106081e+18,THIS WAS AN AMAZING DECISION  WOW ğŸ¤©  #EGLD !!!!   BROKEN $200!!!! https://twitter.com/martiniguyyt/status/1435555873934413833,TRUE
2021-09-08,https://web.archive.org/web/20210908200901/https://twitter.com/MartiniGuyYT/status/1435555873934413833,1435555873934413800,"All funds are now locked up in staking for the forseeable,  #EGLD  staking pays crazy amounts  Let me know if you want me to cover it in a video!!",TRUE
2021-09-08,https://web.archive.org/web/20210908200901/https://twitter.com/MartiniGuyYT/status/1435555873934413833,1435555873934413800,I bought a lot of  @ElrondNetwork  yesterday  #EGLD   Iâ€™m serious  I believe  #EGLD  has great things to come and Iâ€™m incredibly invested in it ğŸš€ pic.twitter.com/G5rmMrYwur,TRUE
2021-09-05,https://web.archive.org/web/20210905220858/https://twitter.com/MartiniGuyYT/status/1434639690095898626,1434639690095898600,WATCH THIS EMERGENCY  COLLABORATION VIDEO!!  Featuring:  -  @TheMoonCarl   -  @Davincij15  -  @cryptojack   -  @MyCryptocoach     https://youtu.be/FQnvJmGyG-Q  https://twitter.com/themooncarl/status/1434638176799297538,TRUE
2021-09-03,https://web.archive.org/web/20210903182436/https://twitter.com/MartiniGuyYT/status/1433831332182953996,1433831332182954e3,Iâ€™ve made more  #crypto  millionaires than i have friends   Have i been beneficial to you?,TRUE
2021-09-03,https://web.archive.org/web/20210903154242/https://twitter.com/MartiniGuyYT/status/1433803895373959177,1433803895373959200,"Remember who told you to short $28,000  pic.twitter.com/jEcAnYiFYV",TRUE
2021-09-03,https://web.archive.org/web/20210903123652/https://twitter.com/MartiniGuyYT/status/1433770280934117379,1433770280934117400,LETS GOOOOO TO THE MOON  #ETHEREUM  &  ğŸ˜ pic.twitter.com/H90gAJQC9k,TRUE
2021-09-01,https://web.archive.org/web/20210901184333/https://twitter.com/MartiniGuyYT/status/1433109844211478529,1433109844211478500,"No Joke... I was about to close my trade, thought it looked pumpy, added $3m at the exact same time as so many other people and we went to the moon!!!! pic.twitter.com/SJaVjMN7UM",TRUE
2021-09-01,https://web.archive.org/web/20210901184333/https://twitter.com/MartiniGuyYT/status/1433109844211478529,1433109844211478500,"I just made $300,000 longing  #Ethereum    Lol, Bears REEEEEEEEEKT ğŸ¯ğŸš€ğŸ¤‘ pic.twitter.com/HEV1ItKgJH",TRUE
2021-08-12,https://web.archive.org/web/20210812160044/https://twitter.com/MartiniGuyYT/status/1425835272315367433,1425835272315367400,"I longed the EXACT bottom!!!!!  LETS NOT DUMP!!!! LETS MOON!!!  (i do not control the markets, i know at times it may appear this way but obviously i cannot force a trade to make money, do not copy me) pic.twitter.com/VYwp29cj0Q",TRUE
2021-08-11,https://web.archive.org/web/20210811175345/https://twitter.com/MartiniGuyYT/status/1425515764426199049,1425515764426199e3,LIKE Red heart THIS TWEET IF YOU ARE READY FOR TONIGHTS  VIDEO!!!,TRUE
2021-08-11,https://web.archive.org/web/20210811113512/https://twitter.com/MartiniGuyYT/status/1425420416907194370,1425420416907194400,"Dont slice yourself like a cucumber, its no fun pic.twitter.com/byd3Xbd5Ag",TRUE
2021-08-04,https://web.archive.org/web/20210804172016/https://twitter.com/MartiniGuyYT/status/1422962475977388038,1422962475977388e3,"TMG - 10,000 BTC",TRUE
2021-08-02,https://web.archive.org/web/20210802175414/https://twitter.com/MartiniGuyYT/status/1422254169189126144,1422254169189126100,DID YOU MAKE MONEY TODAY?,TRUE
2021-08-02,https://web.archive.org/web/20210802174757/https://twitter.com/MartiniGuyYT/status/1422252817125888007,1422252817125888e3,you bot your views,TRUE
2021-08-02,https://web.archive.org/web/20210802162859/https://twitter.com/MartiniGuyYT/status/1422232932413018112,1422232932413018e3,"Jim Cramer SOLD THE  BOTTOM AT $30,000  At what level will Jim buy back his ?  - $40k - $47k - $52k - $100k https://twitter.com/jimcramer/status/1422231714332659715",TRUE
2021-08-02,https://web.archive.org/web/20210802162510/https://twitter.com/MartiniGuyYT/status/1422230969852080128,1.4222309698520801e+18,#ETHEREUM  IS HAVING A GREAT DAY!!! ğŸš€ğŸš€ğŸš€ğŸ“ˆ https://twitter.com/MartiniGuyYT/status/1422185827875049475,TRUE
2021-08-02,https://web.archive.org/web/20210802162005/https://twitter.com/MartiniGuyYT/status/1422230629157154823,1422230629157154800,"Positions update!!!  I have taken some profits, i have faffed around with my positions, this is what it looks like!!! pic.twitter.com/sxU9aUK30z",TRUE
2021-08-02,https://web.archive.org/web/20210802141153/https://twitter.com/MartiniGuyYT/status/1422196432518385666,1422196432518385700,After a bit of back and forth my  position is looking VERY good!!!  I always put my money where my mouth is!!!   I have now reduced my margin significantly and will let this position ride for now ğŸ“ˆğŸš€  https://twitter.com/MartiniGuyYT/status/1422174893093920771  pic.twitter.com/INe1bhvxbR,TRUE
2021-08-02,https://web.archive.org/web/20210802140207/https://twitter.com/MartiniGuyYT/status/1422194860388462599,1422194860388462600,"TRADING TIP:  If  #Ethereum  keeps pumping  It is bullish  Do not short a very strong uptrend, it is very risky. Just be patient and wait for a rejection on a higher timeframe if you are looking to short.",TRUE
2021-08-02,https://web.archive.org/web/20210802124157/https://twitter.com/MartiniGuyYT/status/1422175794189766658,1422175794189766700,"Will i take a loss?  Yes my Stop Loss is at $38,800  Is this advice? NO  This is for transparency",TRUE
2021-08-02,https://web.archive.org/web/20210802123821/https://twitter.com/MartiniGuyYT/status/1422174893093920771,1422174893093920800,"I JUST BOUGHT $621,000  Futures Contracts ğŸš€ğŸ“ˆ   #BTFD",TRUE
2021-08-01,https://web.archive.org/web/20210801082532/https://twitter.com/MartiniGuyYT/status/1421748904962531331,1421748904962531300,YES EXACTLY THIS!!! ğŸš€ğŸš€ğŸš€ğŸš€,TRUE
2021-08-01,https://web.archive.org/web/20210801082147/https://twitter.com/MartiniGuyYT/status/1421747949671956480,1421747949671956500,"#Ethereuk  is up $1,000 in 10 days!!!! ğŸš€ğŸš€ğŸš€",TRUE
2021-07-31,https://web.archive.org/web/20210731124123/https://twitter.com/MartiniGuyYT/status/1421450613246857223,1421450613246857200,"I cant speak for others but when it comes to me, this is not the case, on what planet do you think people give me millions of coins for free, what you say is complete bullsh*t, you do not know me, nor my finances, i invest my own money, i show it in videos time and time again.",TRUE
2021-07-29,https://web.archive.org/web/20210729213601/https://twitter.com/MartiniGuyYT/status/1420860548133031941,1420860548133032e3,"I Google My Net Worth   ğŸ˜‚ğŸ˜‚ğŸ˜‚ğŸ˜‚ğŸ˜‚ğŸ˜‚ğŸ˜‚ğŸ˜‚  This website is 100% accurate, i donâ€™t know how they do it!!! pic.twitter.com/yz1o365nUZ",TRUE
2021-07-29,https://web.archive.org/web/20210729092137/https://twitter.com/MartiniGuyYT/status/1420675822885777408,1420675822885777400,Hey  @SBF_FTX  you sneaky bugger  I was looking for my blockfolio!!   End of an era  RIP  @blockfolio  ğŸ’” HELLO  @FTX_Official  ğŸ“ˆ pic.twitter.com/d39ri6Lpz2,TRUE
2021-07-26,https://web.archive.org/web/20210726122448/https://twitter.com/MartiniGuyYT/status/1419634768988327942,1419634768988328e3,"Me - *Checks  @blockfolio  for the first time in months*  Blockfolio - â€œitâ€™s ok, you can afford lambos againâ€ ğŸš€ğŸ“ˆ pic.twitter.com/9xa1zqvZOB",TRUE
2021-07-26,https://web.archive.org/web/20210726100449/https://twitter.com/MartiniGuyYT/status/1419599487899774977,1419599487899775e3,Buy  ğŸ‘Œ pic.twitter.com/s1hDBUTW1t,TRUE
2021-07-22,https://web.archive.org/web/20210722111124/https://twitter.com/MartiniGuyYT/status/1418166752169562112,1418166752169562e3,"I just hope he is ok, that this is nothing serious and that he recovers from whatever it is",TRUE
2021-07-22,https://web.archive.org/web/20210722110021/https://twitter.com/MartiniGuyYT/status/1418163768899653632,1418163768899653600,"Im concerned about this as alex also asked me for a loan, why is he asking everybody for a loan?  I know nothing about his situation, i declined to loan as i do for everyone  I hope alex is not in personal financial trouble and using borrowed funds to pay off debtors",TRUE
2021-07-19,https://web.archive.org/web/20210719151759/https://twitter.com/MartiniGuyYT/status/1417141632936382477,1417141632936382500,"I wish they did the  @SilverstoneUK  Grand Prix every weekend!!  The best day Iâ€™ve had in 18 months!!  It was even better than peak bull market portfolio mooning $1m a day  It was fun to actually live offline, in a few years my goal is to compete professionally in single seaters ğŸ pic.twitter.com/H0eNA1RY7i",TRUE
2021-07-19,https://web.archive.org/web/20210719123902/https://twitter.com/MartiniGuyYT/status/1417101566314696712,1417101566314696700,I got stopped out âŒ  Always set a stoploss!!!   volatility will be crazy today!! https://twitter.com/martiniguyyt/status/1417093528530862082,TRUE
2021-07-19,https://web.archive.org/web/20210719120730/https://twitter.com/MartiniGuyYT/status/1417093528530862082,1417093528530862e3,"I just longed  #Ethereum  at $1,862  Possible inverse head and shoulders playing out for more sideways action  My charts have us looking at sideways action for a little longer before the big move comes",TRUE
2021-07-19,https://web.archive.org/web/20210719103801/https://twitter.com/MartiniGuyYT/status/1417071192754774019,1417071192754774e3,"â€œ is going to $1,000 according to hyperwaveâ€",TRUE
2021-07-16,https://web.archive.org/web/20210716174813/https://twitter.com/MartiniGuyYT/status/1416092279077580803,1416092279077580800,"i forgot to ask, it might be an engine out job and in that case it would explain why it is MIA ğŸ˜‚",TRUE
2021-07-16,https://web.archive.org/web/20210716174443/https://twitter.com/MartiniGuyYT/status/1416091402895859720,1416091402895859700,"I just remembered  I have a  @Lamborghini , thats pretty cool  If only the dealership would give it back from its service!!! CHOP CHOP!!! ITS SUNNY!!! â˜€ï¸ğŸ˜ pic.twitter.com/fg9US7TNnz",TRUE
2021-07-16,https://web.archive.org/web/20210716173416/https://twitter.com/MartiniGuyYT/status/1416088624005844994,1416088624005845e3,"against lambos, more ford focuses crash every week than lambos crash in a year",TRUE
2021-07-16,https://web.archive.org/web/20210716173144/https://twitter.com/MartiniGuyYT/status/1416088025889710086,141608802588971e4,it is perfect driving weather today  SLOW DOWN  DRIVING FAST IS NOT IMPRESSIVE UNLESS ON TRACK,TRUE
2021-07-16,https://web.archive.org/web/20210716173040/https://twitter.com/MartiniGuyYT/status/1416087825276153857,1416087825276153900,"i am ofcourse joking, i can drive without crashing, especially in literally perfect driving conditions, this is what happens when you drive like a tit",TRUE
2021-07-16,https://web.archive.org/web/20210716172933/https://twitter.com/MartiniGuyYT/status/1416087475068588032,1416087475068588e3,I wrote my Lamborghini off https://twitter.com/CrimeLdn/status/1416086413091745797,TRUE
2021-07-16,https://web.archive.org/web/20210716172643/https://twitter.com/MartiniGuyYT/status/1416086860040916992,1416086860040917e3,dont be racist,TRUE
2021-07-16,https://web.archive.org/web/20210716092810/https://twitter.com/MartiniGuyYT/status/1415966449181634561,1415966449181634600,Im excited about   After Monday next week the  #GBTC  unlock will be over  Its all happening on SUNDAY  Iâ€™m going to snipe some amazing trades ğŸš€,TRUE
2021-07-15,https://web.archive.org/web/20210715191601/https://twitter.com/MartiniGuyYT/status/1415751673075601425,1415751673075601400,"This is very premature, theyâ€™ve only existed just over 10 years   Powell just wants more  https://twitter.com/deitaone/status/1415695315768946696",TRUE
2021-07-15,https://web.archive.org/web/20210715190205/https://twitter.com/MartiniGuyYT/status/1415748489091375110,1415748489091375e3,All of you should brand your twitter profiles more  If you want to make income from  #Crypto  aside from investing  Turn your tweets into a business ğŸ‘¨â€ğŸ’¼   Become a source of quality information   @btcsentimentCOM  started doing this just a couple months ago! Well done on the growthğŸ‘,TRUE
2021-07-15,https://web.archive.org/web/20210715185045/https://twitter.com/MartiniGuyYT/status/1415745557713326080,1415745557713326e3,If only i were 13 again maybe it would be possible ğŸ‘€ğŸ˜‚,TRUE
2021-07-15,https://web.archive.org/web/20210715184756/https://twitter.com/MartiniGuyYT/status/1415744929184235523,1415744929184235500,"I have had a really productive week behind the scenes  Its been great ğŸ‘   It would be even better if  decided it was worth $67,000 again ğŸ˜‚ğŸ‘Œ",TRUE
2021-07-15,https://web.archive.org/web/20210715181928/https://twitter.com/MartiniGuyYT/status/1415737765128515586,1415737765128515600,Now i remember why i don't like  $HEX   This is a really dumb chart https://twitter.com/RichardHeartWin/status/1415733178359324680,TRUE
2021-07-15,https://web.archive.org/web/20210715165924/https://twitter.com/MartiniGuyYT/status/1415717618380681220,1415717618380681200,The UK Government spending Â£11m to promote  #Crypto  to young people and tell them *Crypto Bad*  Since when do kids listen to adults?!  THANKYOU FOR THE FREE ADVERT ğŸ‘ŒğŸš€,TRUE
2021-07-15,https://web.archive.org/web/20210715151412/https://twitter.com/MartiniGuyYT/status/1415691113566982149,1415691113566982100,I wish i bought some  #HEX  ğŸ˜‚  Even if it was not legitimate you canâ€™t knock the gains people made  Damn you guys never stop pumping ğŸš€ğŸš€,TRUE
2021-07-15,https://web.archive.org/web/20210715150842/https://twitter.com/MartiniGuyYT/status/1415689132475572227,1415689132475572200,All my gaming  #Altcoins  are flying today ğŸ“ˆğŸš€  This is why a diverse portfolio is important!!!!,TRUE
2021-07-14,https://web.archive.org/web/20210714102208/https://twitter.com/MartiniGuyYT/status/1415255228501438468,1415255228501438500,BREAKING ğŸš¨ ETF approved in brazil,TRUE
2021-07-10,https://web.archive.org/web/20210710163657/https://twitter.com/MartiniGuyYT/status/1413900009158893570,1413900009158893600,Zoomed in on 5 min chart  pic.twitter.com/0dmoptuU9g,TRUE
2021-07-10,https://web.archive.org/web/20210710163450/https://twitter.com/MartiniGuyYT/status/1413899448334311425,1413899448334311400,"EMERGENCY  ANALYSIS COMING VERY SOON!!  Bitcoin has broken its long term downtrend, this is very very bullish  Donâ€™t believe me? Check the chartsâ€¦ pic.twitter.com/ZHheKybxjx",TRUE
2021-07-10,https://web.archive.org/web/20210710162950/https://twitter.com/MartiniGuyYT/status/1413898200172347399,1413898200172347400,"HAS BROKEN ITS LONG TERM DOWNTREND FROM $60,000  THIS IS VERY BULLISH",TRUE
2021-07-10,https://web.archive.org/web/20210710162422/https://twitter.com/MartiniGuyYT/status/1413896859807006722,1413896859807006700,IS BREAKING OUT   EEEEEXACTLY AS PREDICTED ğŸ“ˆğŸš€,TRUE
2021-07-10,https://web.archive.org/web/20210710094241/https://twitter.com/MartiniGuyYT/status/1413795749884727297,1413795749884727300,I think next week will be VERY BAD for the US Dollar  We got heavy warning shots on Friday and everybody is ignoring them  The last time the  $USD  crashed that hard was in a few days before the crash in March 2020â€¦ pic.twitter.com/5WYxGgDr2W,TRUE
2021-07-06,https://web.archive.org/web/20210706173700/https://twitter.com/MartiniGuyYT/status/1412465527080079367,1412465527080079400,"My only telegram account is  @ThatMartiniGuy  anyone else is a scammer, and i NEVER DM anybody on there",TRUE
2021-07-06,https://web.archive.org/web/20210706171508/https://twitter.com/MartiniGuyYT/status/1412460078460981256,1412460078460981200,"By resigning, you assume guilt when in reality you sold about $2,000 of tokens  It DID NOT have ANY market impact  You bought DOUBLE what you sold  Resigning is giving power to bad journalism that at its heart is to ""tell a good story"" not to ""tell the truth""",TRUE
2021-07-06,https://web.archive.org/web/20210706171508/https://twitter.com/MartiniGuyYT/status/1412460078460981256,1412460078460981200,"Coffeezilla does a lot of sensationalist journalism, taking a truth, twisting the narrative making it more juicy  In the case of Faze, what they did was despicable, people like that that give this industry a bad name  But you resigning for  $XCAD  will do nothing to fix anything",TRUE
2021-07-06,https://web.archive.org/web/20210706171508/https://twitter.com/MartiniGuyYT/status/1412460078460981256,1412460078460981200,So  @JMXFifa  resigned from  $XCAD   Trading your own tokens is common in  #Crypto  virtually all  #Crypto  projects buys and sell their own tokens every day  It is not a crime to manage your own tokens  As for dumping  @SaveTheKidsBSC  you didn't promote it so i can't see a problem https://twitter.com/JMXFifa/status/1410951472913784845,TRUE
2021-07-03,https://web.archive.org/web/20210703150032/https://twitter.com/MartiniGuyYT/status/1411339057154736130,1.4113390571547361e+18,"READ THIS ARTICLE I WROTE ABOUT    It debunks the Myth  is Environmentally a bad thing with facts, figures and sources  This is the story  @BBCWorld  wont tell you because they are taxpayer funded & our government receives millions of Â£ from fossil fuel companies https://twitter.com/MartiniGuyYT/status/1411325245290655745",TRUE
2021-07-03,https://web.archive.org/web/20210703102237/https://twitter.com/MartiniGuyYT/status/1411269071652392960,1411269071652393e3,"I used to work in oil and gas, every single company i worked with is financed and supported by Banks in their daily business, so not only does Banking support the mining industry, but it requires fossil fuels to exist!!",TRUE
2021-07-02,https://web.archive.org/web/20210702155113/https://twitter.com/MartiniGuyYT/status/1410989365057273862,1410989365057273900,"Why am i long on ?  1) Wyckoff has been right so far 2) A short squeeze is coming, going off my own research of the market 3) Successful  short squeeze will cause HUGE  pump when we hit $37K due to cascading liquidations,  pumps to $42K in hours",TRUE
2021-07-02,https://web.archive.org/web/20210702154328/https://twitter.com/MartiniGuyYT/status/1410987423601987590,1410987423601987600,"SO. MUCH. CHOP. ğŸ“ˆğŸ“‰ğŸ“ˆğŸ“‰ğŸ“ˆğŸ“‰ğŸ“ˆ  This is a short term trade, i aim to close it within the next few hours, i think  will pick a direction very soon! https://twitter.com/MartiniGuyYT/status/1410985702645448713",TRUE
2021-07-02,https://web.archive.org/web/20210702153629/https://twitter.com/MartiniGuyYT/status/1410985702645448713,1410985702645448700,"I AM $1,000,000 LONG ON    DO NOT FOLLOW MY LEAD HERE!!! VERY RISKY!! pic.twitter.com/qlEoSEfGPT",TRUE
2021-07-02,https://web.archive.org/web/20210702133010/https://twitter.com/MartiniGuyYT/status/1410953892259565570,1410953892259565600,I went $300k long on    Breaking upwards seems likely in the short term pic.twitter.com/45HoEDvSaw,TRUE
2021-07-02,https://web.archive.org/web/20210702120626/https://twitter.com/MartiniGuyYT/status/1410932763738480647,1410932763738480600,"I couldnt take it anymore, when a man gets offended by the word â€œdickâ€ then you know he is just not on the same spectrum  He is being a HUGE DICK   We are not 12, the word dick should not be a big thing to anyone ğŸ˜‚ pic.twitter.com/zwFCeWB6YV",TRUE
2021-07-02,https://web.archive.org/web/20210702115032/https://twitter.com/MartiniGuyYT/status/1410928783939543042,1410928783939543e3,Your telling me if you had 100000 followers and some random guy you dont know was pissing you off you would take as much time as i have to reply to you? Because I imagine 99% of people would block,TRUE
2021-07-02,https://web.archive.org/web/20210702111817/https://twitter.com/MartiniGuyYT/status/1410920728719990785,1410920728719990800,"It doesnâ€™t end today, its just crazy trolling? I donâ€™t understand   Something is in the water!  Why is a business email so fkn important to the guy?!   WHAT IS GOING ON?! https://twitter.com/swede_in_cork/status/1410920026950057988",TRUE
2021-07-02,https://web.archive.org/web/20210702105411/https://twitter.com/MartiniGuyYT/status/1410914602460844032,1410914602460844e3,"Then they follow up with shit like this  â€œOooo you a scammmmarâ€  â€œI need to research you and make a video about youâ€  If you donâ€™t give these people what they want, they threaten you  And this is a guy, that i have been nice to for as long as i can remember  I cannot win ğŸ˜ https://twitter.com/nickmnorton/status/1410912705406550016",TRUE
2021-07-01,https://web.archive.org/web/20210701160207/https://twitter.com/MartiniGuyYT/status/1410629665136517128,1410629665136517e3,"my microphone is a shure sm7b, they are about Â£500, how much more money do you want me to spend on a microphone?  as for being an illiterate moron, im just not from the same place as you, you do know other people have different accents and that does not make them stupid?",TRUE
2021-06-25,https://web.archive.org/web/20210625192447/https://twitter.com/MartiniGuyYT/status/1408499675456475141,1408499675456475100,"Infinite money - Bitfinex - Tether ? Hmmmmmmmm  I wonder who the whale is?   Just a theory, been a while since we heard from the guy, hope he is doing well ğŸ˜‰ pic.twitter.com/GOyCNqF1yE",TRUE
2021-06-25,https://web.archive.org/web/20210625184545/https://twitter.com/MartiniGuyYT/status/1408496607256006661,1408496607256006700,"This  @bitfinex  whale is pissing me off  Literally every time  starts going up, they start shorting  It's like they have infinite money or something, they are notching on for nearly $900m in  shorts in only 12 hours  WHY?!?! THAT IS SOME INSANE RISK...",TRUE
2021-06-25,https://web.archive.org/web/20210625164857/https://twitter.com/MartiniGuyYT/status/1408428825076195335,1408428825076195300,"After a bit more faffing, this is what i'm looking at now pic.twitter.com/w8VeAyvpVf",TRUE
2021-06-25,https://web.archive.org/web/20210625114853/https://twitter.com/MartiniGuyYT/status/1408391696447119362,1408391696447119400,"Took a little profit, closed approx 35% of the position pic.twitter.com/OOHderP7KQ",TRUE
2021-06-25,https://web.archive.org/web/20210625105026/https://twitter.com/MartiniGuyYT/status/1408376967976587264,1408376967976587300,I just opened a  Long and an  #XRP  long  I expect  will bounce shortly  The Wyckoff is playing out perfectly,TRUE
2021-06-24,https://web.archive.org/web/20210624170911/https://twitter.com/MartiniGuyYT/status/1408109752245178372,1408109752245178400,"Position update, made $6k in 17 mins pic.twitter.com/G2VuemcGjt",TRUE
2021-06-24,https://web.archive.org/web/20210624164926/https://twitter.com/MartiniGuyYT/status/1408104875683164169,1408104875683164200,I'm so glad i picked today to start trading  #XRP  again!!   TOO EASY! LOVE IT!!! pic.twitter.com/k7LiDssLp6,TRUE
2021-06-24,https://web.archive.org/web/20210624114022/https://twitter.com/MartiniGuyYT/status/1408027199651954692,1408027199651954700,I donâ€™t understand  How does buying a piece of paper for $4m save the environment or offset anything?  It seems to me like carbon credits are a racket https://twitter.com/bitcoinmagazine/status/1408018366992896009,TRUE
2021-06-18,https://web.archive.org/web/20210618163935/https://twitter.com/MartiniGuyYT/status/1405887916195434504,1405887916195434500,"Remember SHORTING is the most POPULAR position right now for   Generally the popular position is the least profitable one, it is too early to be shorting with confidence",TRUE
2021-06-18,https://web.archive.org/web/20210618131701/https://twitter.com/MartiniGuyYT/status/1405877139396698122,1405877139396698e3,"If  closes today above $37,000 then $43,000 seems VERY likely within 7 days",TRUE
2021-06-18,https://web.archive.org/web/20210618101124/https://twitter.com/MartiniGuyYT/status/1405830390808514562,1405830390808514600,"is still trading OUTSIDE the Bear pennant  The drop was expected, this is just confirmation  Once we bounce around these levels is when i will start opening my longs ğŸ‘",TRUE
2021-06-18,https://web.archive.org/web/20210618100812/https://twitter.com/MartiniGuyYT/status/1405829655739916288,1405829655739916300,"has dropped to $37,500 EXACTLY where we wanted it to get to, so now i am looking to start building a long position on Bitcoin ğŸ‘",TRUE
2021-06-16,https://web.archive.org/web/20210616075804/https://twitter.com/MartiniGuyYT/status/1405072127615700999,1405072127615701e3,It took years for  @Coinbase  to list just a few quality  #Altcoins   And yet somehow  #Shib  meets their very strict criteria for listing with all its amazing technology and years a and years of quality research and development  I just donâ€™t understand ğŸ˜‚ https://twitter.com/quintenfrancois/status/1405067191297400834,TRUE
2021-06-10,https://web.archive.org/web/20210610184903/https://twitter.com/MartiniGuyYT/status/1403027562884960256,1403027562884960300,"In addition, this toss pot just called every  holder a criminal  I canâ€™t imagine being such an authoritarian brown noser  How does he walk without a backbone? https://twitter.com/martiniguyyt/status/1403026790990364679",TRUE
2021-06-04,https://web.archive.org/web/20210604015653/https://twitter.com/MartiniGuyYT/status/1400630899583160320,1400630899583160300,In other news  A wild  @stoolpresidente  was spotted stood next to two adult children arguing about who has the biggest PP   https://www.instagram.com/p/CPrIf7kFbh3/?utm_medium=copy_link,TRUE
2021-06-01,https://web.archive.org/web/20210601112338/https://twitter.com/MartiniGuyYT/status/1399687961042735108,1399687961042735e3,"Point is, milking a topic is different than providing valuable information and covering the same topic every day about how low can  go is potentially damaging to  given how many people watch the bombardment of bear market videos pic.twitter.com/xYCkC63ivZ",TRUE
2021-06-01,https://web.archive.org/web/20210601112111/https://twitter.com/MartiniGuyYT/status/1399687262477164544,1399687262477164500,"His videos disagree, he has barely paused for breath between the scaremongering pic.twitter.com/Q2yZMCQFsE",TRUE
2021-06-01,https://web.archive.org/web/20210601112111/https://twitter.com/MartiniGuyYT/status/1399687262477164544,1399687262477164500,"I have seen so many people screaming â€œbear marketâ€ from the rooftops this past week  Especially  @intocryptoverse  who is absolutely milking the topic  It is IMPOSSIBLE to say if  is in a bear market, the term is a term used in retrospect, not present day. https://twitter.com/kevinsvenson_/status/1399416975051403265",TRUE
2021-05-25,https://web.archive.org/web/20210525150706/https://twitter.com/MartiniGuyYT/status/1397207409681174530,1397207409681174500,When you buy the  dip and it keeps dipping ğŸ˜‚ https://twitter.com/iamtomskinner/status/1397205091732672512,TRUE
2021-05-23,https://web.archive.org/web/20210523183910/https://twitter.com/MartiniGuyYT/status/1396388228320665600,1396388228320665600,"When  bounces (soon) there will be so much panic longing  The only reason  is dumping is shorting pressure from derivative markets   @TheMoonCarl   @MMCrypto  try not telling your audiences to short for a week or two, i bet you both  goes up",TRUE
2021-05-18,https://web.archive.org/web/20210518163249/https://twitter.com/MartiniGuyYT/status/1394692388174680071,139469238817468e4,"Soon this downtrend will be over and you will be happy i didn't tell you to short the bottom  Instead, if you are doing like me, you will be investing heavily in overly depreciated  #altcoins  that will break out within days.  I aim to make money, i'm not a fake trader.",TRUE
2021-05-17,https://web.archive.org/web/20210517193322/https://twitter.com/MartiniGuyYT/status/1394372170999029761,1394372170999029800,Since we started buying the dip with every last penny we have   #Ethereum  up 8%   up 5%  The market is with us ğŸš€ğŸš€ğŸš€âœ… https://twitter.com/martiniguyyt/status/1394360667902300163,TRUE
2021-05-17,https://web.archive.org/web/20210517211408/https://twitter.com/MartiniGuyYT/status/1394364083206565894,1394364083206566e3,"We were the bounce.  Iâ€™m not being cocky, iâ€™m saying me and 10 other people just kickstarted an uptrend by risking millions of dollars to save  #Crypto  https://twitter.com/martiniguyyt/status/1394358311236014085",TRUE
2021-05-17,https://web.archive.org/web/20210517203136/https://twitter.com/MartiniGuyYT/status/1394360667902300163,1394360667902300200,Iâ€™m doing my bit right now to pump  &  #Ethereum   Me and several others are market buying with our entire USDT stack  We are doing our best to support the long term future of  #Crypto  by stopping this dump  JOIN US. WE ARE WINNING THIS WAR.,TRUE
2021-05-17,https://web.archive.org/web/20210517202326/https://twitter.com/MartiniGuyYT/status/1394359032346030086,139435903234603e4,"To the people saying â€œwhy buy now?â€  Because right now sell pressure is very weak, just a few million dollars would pump Â  multiple percent  Thats why whales ğŸ³ are throwing money at this dip right now  I feel we can turn the tide back bullish ğŸš€",TRUE
2021-05-17,https://web.archive.org/web/20210517185421/https://twitter.com/MartiniGuyYT/status/1394358061909872642,1394358061909872600,This kind of downwards volatility is what tempts whales ğŸ³ to buy  #Crypto   The whales have arrived! I hope we can save the day  Ironically us buying millions of dollars of crypto means nothing to noobs unless we call ourselves Google or Tesla,TRUE
2021-05-17,https://web.archive.org/web/20210517211514/https://twitter.com/MartiniGuyYT/status/1394356553197760513,1394356553197760500,A friend of mine is about to market buy 5000  #Ethereum   LETS GOOOOğŸš€ğŸš€ğŸš€ğŸš€ğŸš€ https://twitter.com/martiniguyyt/status/1394349578309226499,TRUE
2021-05-17,https://web.archive.org/web/20210517195300/https://twitter.com/MartiniGuyYT/status/1394349578309226499,1394349578309226500,"I just bought 1000  #Ethereum   Me and all my friends that are whales are doing exactly the same, we are going heavy here  Now moon ğŸŒâœ…",TRUE
2021-05-15,https://web.archive.org/web/20210515193500/https://twitter.com/MartiniGuyYT/status/1393631786605944835,1393631786605944800,"I think people are too bearish  More sideways / consolidation  $70,000 before $30,000",TRUE
2021-05-14,https://web.archive.org/web/20210514131716/https://twitter.com/MartiniGuyYT/status/1393193579942752261,1393193579942752300,"Disappointing, attention grabbing headline.  Binance are collaborating with law enforcement to stop criminals as they should  AND YET NOBODY TALKS ABOUT ALL THE FRAUD THAT THE BANKS DO EVERY DAY!!!  @adamndsmith  Report on that instead!",TRUE
2021-05-13,https://web.archive.org/web/20210513185009/https://twitter.com/MartiniGuyYT/status/1392915011593453574,1392915011593453600,This huge volatility is exhausting,TRUE
2021-05-13,https://web.archive.org/web/20210513184755/https://twitter.com/MartiniGuyYT/status/1392914308787589125,1392914308787589e3,W?,TRUE
2021-05-13,https://web.archive.org/web/20210513182743/https://twitter.com/MartiniGuyYT/status/1392909321244192773,1392909321244192800,I haven't even checked my  @blockfolio    i will leave that for a few days ğŸ˜‚,TRUE
2021-05-13,https://web.archive.org/web/20210513182212/https://twitter.com/MartiniGuyYT/status/1392907914197749766,1392907914197749800,I can't even say we will all sleep well tonight because its been a tiresome couple of days  Because we will be up all night watching,TRUE
2021-05-13,https://web.archive.org/web/20210513181600/https://twitter.com/MartiniGuyYT/status/1392906438943649794,1392906438943649800,"I got burned, took the loss at 400k, then got chopped up, lost another 200k on the chop then nailed my ETH trade got back 300k, currently just sat waiting for the 2nd leg up when i can TP on the second eth trade to cover the entire loss, in short, i wasted 2 days & gained 0",TRUE
2021-05-13,https://web.archive.org/web/20210513170934/https://twitter.com/MartiniGuyYT/status/1392873377820459009,1392873377820459e3,SO MANY 1% moves in 1 minute for   This chop is there to scare you out of the market while the whales accumulate  Don't let them scare you away!!!!,TRUE
2021-05-13,https://web.archive.org/web/20210513141510/https://twitter.com/MartiniGuyYT/status/1392845628267446273,1392845628267446300,"â€œBe greedy when others are fearfulâ€  Lets see  #Ethereum  back up above $4,000 in the next couple hours ğŸš€ğŸš€ğŸš€ pic.twitter.com/4kT6eWWhs3",TRUE
2021-05-13,https://web.archive.org/web/20210513112446/https://twitter.com/MartiniGuyYT/status/1392802743291686914,1392802743291687e3,He has no respect for us  I now have no respect for  @elonmusk   If he launches his own  #Crypto  F*CK WITH IT & dump it on day 1  It seems clear at this point Elon is leverage trading the market against his tweets to pay of  @Tesla  investors because they still havenâ€™t made a profit. https://twitter.com/martiniguyyt/status/1392801841742766087,TRUE
2021-05-13,https://web.archive.org/web/20210513111720/https://twitter.com/MartiniGuyYT/status/1392800903716036610,1392800903716036600,"GO GREEN, GO LAMBO  More pollution comes from making new  @tesla  cars than ANY Lambo will EVER produce...  https://twitter.com/trustwalletapp/status/1392783700232970245  pic.twitter.com/WDQmOa3lyb",TRUE
2021-05-13,https://web.archive.org/web/20210513110134/https://twitter.com/MartiniGuyYT/status/1392796978384412677,1392796978384412700,"Blood is over, its mid day, everything should spend the afternoon recovering and consolidating   retains its bullish bias in high timeframes and low timeframes NEED to recover",TRUE
2021-05-13,https://web.archive.org/web/20210513101649/https://twitter.com/MartiniGuyYT/status/1392785838539427840,1392785838539427800,Iâ€™m going to open a HUGE short on  $TSLA  when US Markets open ğŸ¤Œ  JOIN ME âœ…  LETS CRUSH  $TSLA  TOGETHER ğŸ‘¨â€ğŸš€  It is a completely overvalued stock for a company that makes disposable  cars.  RETWEET THIS!! ğŸš€,TRUE
2021-05-11,https://web.archive.org/web/20210511102757/https://twitter.com/MartiniGuyYT/status/1392063807388856320,1392063807388856300,"Last week i said no more silly trading position sizes  BUT i ALWAYS buy the  &  #Ethereum  dip!!  I broke my own rule on day 1 ğŸ˜‚  $10,000,000 LONG ON  #CRYPTO !! pic.twitter.com/OW6hklz7sP",TRUE
2021-05-10,https://web.archive.org/web/20210510134741/https://twitter.com/MartiniGuyYT/status/1391751579536138250,1391751579536138200,Remember  $BSV ? ğŸ˜‚ https://twitter.com/MartiniGuyYT/status/1105931778215370753,TRUE
2021-05-05,https://web.archive.org/web/20210505134742/https://twitter.com/MartiniGuyYT/status/1389935940446167045,1389935940446167e3,"Donâ€™t be jealous about what others have, it is achievable if someone has achieved it  Being as wealthy as elon musk is achievable  Most people never take the risks, they never see rewards & assume they are not capable  If you dont have a positive attitude you dont stance a chance",TRUE
2021-05-05,https://web.archive.org/web/20210505134742/https://twitter.com/MartiniGuyYT/status/1389935940446167045,1389935940446167e3,"The goal for me has always been become a billionaire & make the world better  Too many people place far too much importance in money  The difference between me and most people is Iâ€™m not motivated by money, Iâ€™m motivated by success, success makes money, love what you do",TRUE
2021-05-05,https://web.archive.org/web/20210505132102/https://twitter.com/MartiniGuyYT/status/1389931984357662727,1389931984357662700,"Iâ€™m curious, how much do you think my  #Crypto  portfolio is worth?",TRUE
2021-05-05,https://web.archive.org/web/20210505101945/https://twitter.com/MartiniGuyYT/status/1389887408594989058,1389887408594989e3,"$1,000 invested correctly in  #Crypto  can be $1m within 2 years  The only person standing in your way is yourself  Iâ€™ve seen it happen so many times so i know it is possible, it happened to me, it can happen to you, THINK BIG ğŸš€âœ…",TRUE
2021-05-04,https://web.archive.org/web/20210504183025/https://twitter.com/MartiniGuyYT/status/1389646554349330433,1389646554349330400,I heard  @swissborg  was about to moon ğŸ‘€   Yield ğŸ‘€ğŸ‘€ğŸ‘€,TRUE
2021-05-04,https://web.archive.org/web/20210504170715/https://twitter.com/MartiniGuyYT/status/1389622447318634499,1389622447318634500,"#Ethereum  is down 8% from the All Time High it made only 3 hours ago  Sensible correction âœ…  I bought the dip too early, currently managing my position, bringing my entry down further  Given how quickly  and  #Ethereum  broke down, i expect them to recover quickly ğŸš€ğŸš€",TRUE
2021-05-04,https://web.archive.org/web/20210504144747/https://twitter.com/MartiniGuyYT/status/1389592429574205443,1389592429574205400,"#Ethereum  is down 5% over the last 60 minutes  My gut sense tells me to buy this dip hard, so i did...  To the tune of $8,237,000  LETS GOO!!!!!! ğŸš€ğŸš€ğŸš€ğŸš€ pic.twitter.com/l0jyQqpFGs",TRUE
2021-05-04,https://web.archive.org/web/20210504144150/https://twitter.com/MartiniGuyYT/status/1389590884006649860,1389590884006649900,"#Ethereum  will likely break $3,500 again today",TRUE
2021-05-04,https://web.archive.org/web/20210504094843/https://twitter.com/MartiniGuyYT/status/1389517254044311552,1389517254044311600,"You can get an account to trade this here  https://u.primexbt.com/TMG   Use code ""TMG"" before you deposit and get a 50% deposit bonus",TRUE
2021-05-03,https://web.archive.org/web/20210503153519/https://twitter.com/MartiniGuyYT/status/1389241564376059906,138924156437606e4,"I really like my  @swissborg  mask, i would wear it even if there were no pandemic  Free  advertising ğŸš€ğŸš€ pic.twitter.com/l8PBDNNT6U",TRUE
2021-05-02,https://web.archive.org/web/20210502091045/https://twitter.com/MartiniGuyYT/status/1388782852565831681,1388782852565831700,My tax bill this year is 24 years of my old salary before taxes...  Buy  & invest in your future so you to can pay huge amounts of tax ğŸš€,TRUE
2021-05-01,https://web.archive.org/web/20210501104728/https://twitter.com/MartiniGuyYT/status/1388444592303915008,1388444592303915e3,"How am i meant to credit you if i didnt know it was you that posted it, nor did i follow you, how do i even steal it? Stop being a child",TRUE
2021-05-01,https://web.archive.org/web/20210501104512/https://twitter.com/MartiniGuyYT/status/1388444339425140745,1388444339425140700,"Exactly, how am i meant to know when as he said, i dont even follow him",TRUE
2021-05-01,https://web.archive.org/web/20210501093025/https://twitter.com/MartiniGuyYT/status/1388425490122301440,1388425490122301400,"is about to break out and go crazy  It is likely over the bank holiday weekend that we break upwards, it is also likely the breakout will be short-lived  Tuesday next week is the most likely day  breaks upward to $70k ğŸš€ğŸš€ğŸš€ pic.twitter.com/LVtBuKv4BL",TRUE
2021-04-30,https://web.archive.org/web/20210430154015/https://twitter.com/MartiniGuyYT/status/1388128626592387075,1388128626592387e3,"If you follow the channel, i set myself a challenge last week  I took the 0.5  bonus that  @PrimeXBT  gave me for signing up on my referral link  I have been trading  #ETH / and so far have turned that 0.5  ($27K) into $135,000 (2.11 ) in 10 days  $100K FOR FREEğŸš€ pic.twitter.com/0IQzFEbJUn",TRUE
2021-04-30,https://web.archive.org/web/20210430134236/https://twitter.com/MartiniGuyYT/status/1388126404299087874,1.3881264042990879e+18,EXACCTLY AS PREDICTED ğŸ˜‚ https://twitter.com/MartiniGuyYT/status/1387807410702651394,TRUE
2021-04-29,https://web.archive.org/web/20210429205854/https://twitter.com/MartiniGuyYT/status/1387873953092341761,1387873953092341800,POSTING TODAYS  &  #CRYPTO  NEWS & ANALYSIS IN 10 MINS!!!!!!,TRUE
2021-04-29,https://web.archive.org/web/20210429151317/https://twitter.com/MartiniGuyYT/status/1387787005401120768,1387787005401120800,I have $8m on  and  #Ethereum  longs open after i closed half my  #ETH  trade yesterday for a nice profit  Here are my  #ETH  trading results the past 90 days ğŸš€ğŸš€ğŸš€ğŸš€ pic.twitter.com/FZeJpxgd12,TRUE
2021-04-29,https://web.archive.org/web/20210429112301/https://twitter.com/MartiniGuyYT/status/1387729026236698630,1387729026236698600,"Here is a video i took on April 30th 2019 leaving the car park at work for the final time  I was right, i will never go back there!   Incredible really, 2 years after i quit and Iâ€™m a multi millionaire doing my dream job in an industry that i love â¤ï¸!  THANKYOU & THANK  pic.twitter.com/fVNh9qxL1r",TRUE
2021-04-28,https://web.archive.org/web/20210428112541/https://twitter.com/MartiniGuyYT/status/1387367311053574149,1387367311053574100,"So if you see some of the things i post and consider it unachievable you are placing boundaries and limits on your own life. In this case you are the one limiting yourself.  You have to understand, anything is achievable if you have a clear plan, a good idea and total commitment!",TRUE
2021-04-28,https://web.archive.org/web/20210428112541/https://twitter.com/MartiniGuyYT/status/1387367311053574149,1387367311053574100,"If you are just starting now, you have a long journey ahead of you and how you handle that journey will determine your outcome.  Having achieved so much in such a short time i know first hand all you need is to work harder & smarter than anybody else and you shall achieve!",TRUE
2021-04-28,https://web.archive.org/web/20210428112541/https://twitter.com/MartiniGuyYT/status/1387367311053574149,1387367311053574100,"Never be jealous of what a rich man has, reverse engineer what he did so that you can achieve it yourself  I am very fortunate to have an amazing community of people who are not jealous of what i have but want to achieve great things",TRUE
2021-04-28,https://web.archive.org/web/20210428111339/https://twitter.com/MartiniGuyYT/status/1387364299891519492,1387364299891519500,"I am currently $7,000,000 Long on  and  #Ethereum   Are you trading this? pic.twitter.com/Dd1EY96Zjy",TRUE
2021-04-28,https://web.archive.org/web/20210428110741/https://twitter.com/MartiniGuyYT/status/1387362725584646145,1387362725584646100,"Today i have an itch to burn some money  You must fight urges like this, keep investing your money until you have too much money  Investing $1 today in  will likely be $20+ in 5-10 years!!",TRUE
2021-04-27,https://web.archive.org/web/20210427131744/https://twitter.com/MartiniGuyYT/status/1387032742882430979,1387032742882431e3,"Big Risk = Big Reward / Big Fail  You have to be willing to fail in your pursuit of success  If you are not willing to fail, you donâ€™t deserve to succeed ğŸš€ğŸš€ğŸš€ https://twitter.com/martiniguyyt/status/1387030489907843074",TRUE
2021-04-27,https://web.archive.org/web/20210427135438/https://twitter.com/MartiniGuyYT/status/1387030489907843074,1387030489907843e3,"I am $8m long between  and  #Ethereum   You could say, iâ€™m quite bullish ğŸ‘€ğŸš€",TRUE
2021-04-27,https://web.archive.org/web/20210427111404/https://twitter.com/MartiniGuyYT/status/1387001922721390596,1387001922721390600,"Yet again, it was the best time to buy   NEVER let anybody scare you into submission, have confidence in your own analysis ğŸš€ğŸ‘€ https://twitter.com/martiniguyyt/status/1385421335279644672",TRUE
2021-04-27,https://web.archive.org/web/20210427105036/https://twitter.com/MartiniGuyYT/status/1386996050788069379,1386996050788069400,#MATIC  is proving why everyone should hold  #MATIC  ğŸš€ğŸš€,TRUE
2021-04-27,https://web.archive.org/web/20210427103254/https://twitter.com/MartiniGuyYT/status/1386991597036974082,1386991597036974e3,"In this picture i look fatter than i am, down to 87kg now  At the peak of lockdown i was as high as 98kg  Before i quit my job (2 years ago) i was 83-84kg  Iâ€™m bulkier now, i have been working on my health because what is wealth if you donâ€™t have health ğŸš€ğŸš€ https://twitter.com/martiniguyyt/status/1386980893953335296",TRUE
2021-04-26,https://web.archive.org/web/20210426153806/https://twitter.com/MartiniGuyYT/status/1386706022375559169,1386706022375559200,Then the money follows afterwards.  If you work purely for money and not for happiness then you should consider switching things up and doing something for yourself.  I've tried both sides and i much prefer doing whatever it is i do now than i did just working for money.,TRUE
2021-04-26,https://web.archive.org/web/20210426153546/https://twitter.com/MartiniGuyYT/status/1386705440881455107,1386705440881455e3,"I guess the point i'm trying to make is i have found out first hand money does not buy happiness   Make your goal to be happy, do what makes you happy  For me, i just enjoy talking to people which is why i make a fairly decent YouTuber haha",TRUE
2021-04-26,https://web.archive.org/web/20210426153546/https://twitter.com/MartiniGuyYT/status/1386705440881455107,1386705440881455e3,"I've always been taught fiscal responsibility and being modest.  Yes i own a Lambo, but i bought a Lambo that won't depreciate, costs very little to own (less than my daily)  Could have bought any car but chose to reinvest my wealth into new investments",TRUE
2021-04-26,https://web.archive.org/web/20210426153546/https://twitter.com/MartiniGuyYT/status/1386705440881455107,1386705440881455e3,"Do  #Crypto  guys not get bored of Yachts?  I think thats one of the reasons i couldn't live a luxury life, i like mud, i like being a child, i like  @LidlGB  &  @Tesco , i buy clothes at normal shops  I really struggle to see value in objects, I prefer to collect memories not objects",TRUE
2021-04-26,https://web.archive.org/web/20210426102525/https://twitter.com/MartiniGuyYT/status/1386627189647552521,1386627189647552500,"Yesterday i held my  position through a $800,000 loss  I Dollar cost averaged my entry a little bit more and today Iâ€™m back in profit  Iâ€™m confident in my own analysis and put my money behind my words ğŸ™",TRUE
2021-04-25,https://web.archive.org/web/20210425122626/https://twitter.com/MartiniGuyYT/status/1386295416422031369,1386295416422031400,Leeds play Glazer scum this afternoon   Should be a good game  @GoingParabolic    Â£1 on  #LUFC  to win 6-1,TRUE
2021-04-23,https://web.archive.org/web/20210423015419/https://twitter.com/MartiniGuyYT/status/1385411636673056768,1385411636673056800,"I bought  #Ethereum  at $2,290 ğŸš€  Now go â˜ï¸",TRUE
2021-04-22,https://web.archive.org/web/20210422175034/https://twitter.com/MartiniGuyYT/status/1385289854620250112,138528985462025e4,"Having taken profit on  #Ethereum  at $2,643  I just reinvested my profit back into  #Ethereum  at $2,556  LETS GO AGAIN ğŸš€",TRUE
2021-04-20,https://web.archive.org/web/20210420201202/https://twitter.com/MartiniGuyYT/status/1384600488600129536,1384600488600129500,"ALERT!âš ï¸ I BOUGHT $1M OF THESE  #ALTCOINS !!!!ğŸš¨ âš ï¸  In Todays Video: -  I BOUGHT $1,000,000 OF THESE ALTCOINS!!!! -  THE BEST DEFI  #ALTCOIN  PICKS  WATCH ASAP!!  â¬‡ï¸ LINK BELOW â¬‡ï¸  https://youtu.be/RkNJOUIElvU  pic.twitter.com/gZdnMY6Ssu",TRUE
2021-04-14,https://web.archive.org/web/20210414123820/https://twitter.com/MartiniGuyYT/status/1382312194386366467,1382312194386366500,I burned my hand really badly last night by picking up a pan than had been in the oven  My diamond ğŸ’ ğŸ™Œ hands have been damaged  Would you take profit or Exit this $200k Profit  #Ethereum  position? pic.twitter.com/y8WjU3H5R7,TRUE
2021-04-09,https://web.archive.org/web/20210409214413/https://twitter.com/MartiniGuyYT/status/1380637616673058824,1380637616673058800,Check it yourself if you dont believe me  @ryxhjf,TRUE
2021-04-04,https://web.archive.org/web/20210404194155/https://twitter.com/MartiniGuyYT/status/1378794910304849922,137879491030485e4,"He is wrong and a little self righteous, you should spend time with family, i see mine only a few times a year and i spend the rest of my time working hard. Family is life, enjoy them while they are around, money takes abreak for bank holiday anyway + my portfolio never sleeps ğŸš€",TRUE
2021-03-30,https://web.archive.org/web/20210330100257/https://twitter.com/MartiniGuyYT/status/1376837273099075584,1376837273099075600,#ETHEREUM  NEW ALL TIME HIGH!!!!,TRUE
2021-03-10,https://web.archive.org/web/20210310113658/https://twitter.com/MartiniGuyYT/status/1369613166171332608,1369613166171332600,"Thanks for the offer man but its ok, new pad has a cinema so i will probably turn the screen into a greenscreen ğŸ˜‚",TRUE
2021-03-05,https://web.archive.org/web/20210305120011/https://twitter.com/MartiniGuyYT/status/1367806598043828224,1367806598043828200,ğŸš¨BREAKINGğŸš¨  LIVE FOOTAGE OF UK PARLIAMENT MAKING DECISIONS ON  pic.twitter.com/S97sFVPbWX,TRUE
2021-03-03,https://web.archive.org/web/20210303204707/https://twitter.com/MartiniGuyYT/status/1367214573183500291,1367214573183500300,"8 eth to me is nothing, this is not my wallet, im not dumping for an 8 eth profit  as i said to the guy that replied to your comment, i dont care if people buy or not, i dont need you guys to buy my bags, XED will do that by building an amazing company. stop being so negative",TRUE
2021-03-03,https://web.archive.org/web/20210303173712/https://twitter.com/MartiniGuyYT/status/1367167109361512455,1367167109361512400,"I dont worry about CGT hike, just open a trading company, draw down dividends and run everything via company expenses that you legally can do. You end up basically back around the 23-27% figure and that is doable",TRUE
2021-03-03,https://web.archive.org/web/20210303130722/https://twitter.com/MartiniGuyYT/status/1367098748409700353,1367098748409700400,"I like the idea of NFTâ€™s but to concept will only be successful if it gains adoption  I hold NFTs, Iâ€™ve invested in some NFTs and i will be fascinated to watch the NFT space grow  I donâ€™t think NFTs are a bubble though, they are hear to stay",TRUE
2021-02-05,https://web.archive.org/web/20210205095349/https://twitter.com/MartiniGuyYT/status/1357628452938141698,1357628452938141700,Americans...,TRUE
2021-01-21,https://web.archive.org/web/20210121141728/https://twitter.com/MartiniGuyYT/status/1352258918425223170,1352258918425223200,i'm with you,TRUE
2021-01-18,https://web.archive.org/web/20210118084318/https://twitter.com/MartiniGuyYT/status/1351087330233348104,1351087330233348e3,GLITCH LUST WENT LIVE ON UNISWAP!!  300% up from pubic sale so far  Tiny market cap and +1800% on Liquidity mining rewards  Looks like a successful launch to me! https://twitter.com/glitchprotocol/status/1351042695502958592,TRUE
2021-01-13,https://web.archive.org/web/20210113222753/https://twitter.com/MartiniGuyYT/status/1349483014045245442,1349483014045245400,"Thats not to say a faliure to achieve one target couldnt trigger another scenario. That could absolutely happen, but that is not the way it is presented. I find the above approach misleading to traders giving a false representation of skill",TRUE
2021-01-13,https://web.archive.org/web/20210113222335/https://twitter.com/MartiniGuyYT/status/1349482052920504322,1349482052920504300,"It has become common on youtube for channels to have a â€œbearishâ€ target and a â€œbullishâ€ target  Then claim they predicted correctly, anybody can do this  I do not have a â€œBearishâ€ and â€œBullishâ€ target  I have one  target ğŸ¯ either bullish or bearish, you cant have both... https://twitter.com/drowheels/status/1349481019045519373",TRUE
2021-01-04,https://web.archive.org/web/20210104092351/https://twitter.com/MartiniGuyYT/status/1346024534722424833,1346024534722424800,"RT @MartiniGuyYT: $200 #Bitcoin  Giveaway!!!!!!  CELEBRATING $30,000+ #BTC!!  2 WINNERS GUARANTEED $100 #BTC EACH!!  To enter: - Follow @Maâ€¦",TRUE
2021-01-02,https://web.archive.org/web/20210102163933/https://twitter.com/MartiniGuyYT/status/1345408759997362177,1345408759997362200,"Finance wont touch me, on paper im dirt poor because i deal with crypto which means no bank will touch me",TRUE
2020-12-28,https://web.archive.org/web/20201228182201/https://twitter.com/MartiniGuyYT/status/1343607082533212162,1343607082533212200,â€œBuy My Shitcoinâ€ -  @justinsuntron  2019 https://twitter.com/justinsuntron/status/1343584084904214528,TRUE
2020-12-27,https://web.archive.org/web/20201227154640/https://twitter.com/MartiniGuyYT/status/1343221449973227522,1343221449973227500,My  Lamborghini is brighter than yours  @GoingParabolic  ğŸ˜‚  This colour pops in the winter sun ğŸ˜ pic.twitter.com/4vfv0ZrHKe,TRUE
2020-12-17,https://web.archive.org/web/20201217171435/https://twitter.com/MartiniGuyYT/status/1339619503118888962,1339619503118889e3,"Aged 16 i made my first $1000  Aged 21 i made my first $15,000  Aged 22 i made my first $60,000  Aged 23 i lost everything  Aged 24 i made my first Million Dollars  Aged 24 i made my second Million Dollars  NEVER STOP TRYING!!!!! FORTUNE FAVOURS THE BRAVE!!!!",TRUE
2020-12-10,https://web.archive.org/web/20201210115150/https://twitter.com/MartiniGuyYT/status/1337002079316008960,1337002079316009e3,@tickerzoid @sci_finance Do you often work for free?,TRUE
2020-11-21,https://web.archive.org/web/20201121203352/https://twitter.com/MartiniGuyYT/status/1330247991601541121,1330247991601541e3,"TRIGGERS  #ETHEREUM  PRICE EXPLOSIONğŸš¨ âš ï¸  In Todays Video: -  4  #ALTCOINS  YOU NEED TO HOLD!!ğŸš¨  -  US Treasury BULLISH ON  -  Ethereum and Bitcoin Analysis -   #Stocks ,  #Gold ,  #Altcoin  &  #Crypto  News  ğŸ’° WATCH THIS VIDEO ğŸ’°  â¬‡ï¸ LINK BELOW â¬‡ï¸  https://youtu.be/JW6EEDF1l74  pic.twitter.com/GvM87osXMf",TRUE
2020-11-13,https://web.archive.org/web/20201113210739/https://twitter.com/MartiniGuyYT/status/1327356364738453505,1327356364738453500,For Context pic.twitter.com/PuGDtVSJ1y,TRUE
2020-11-13,https://web.archive.org/web/20201113210739/https://twitter.com/MartiniGuyYT/status/1327356364738453505,1327356364738453500,EVERY  YouTuber Thumbnail today looks like they about to pleasure someone ğŸ˜‚ pic.twitter.com/7JF6kh77i0,TRUE
2020-11-06,https://web.archive.org/web/20201106112123/https://twitter.com/MartiniGuyYT/status/1324673147455655937,1324673147455656e3,"Never, but i will never like or be interested in things that are shilled by bots",TRUE
2020-11-05,https://web.archive.org/web/20201105131426/https://twitter.com/MartiniGuyYT/status/1324339224242520065,132433922424252e4,"#BITOCIN  BROKE $15,000 ON CME FUTURES!!!!ğŸš¨ğŸš€",TRUE
2020-10-30,https://web.archive.org/web/20201030160709/https://twitter.com/MartiniGuyYT/status/1322207857480183810,1322207857480183800,If people treat trading without respect they are gambling. They may just prefer the odds to betting on horses. That should be legal.  If they have respect for the art like myself then it is a full time occupation that is a reliable source of income over time,TRUE
2020-10-30,https://web.archive.org/web/20201030160709/https://twitter.com/MartiniGuyYT/status/1322207857480183810,1322207857480183800,"Because i am a believer in my rights, my business will be leaving the UK   @RealCryptoV  does do some good work but on this occasion you missed the mark with your blanket approach  I assume with that kind of approach you want sports betting banned also? & casinos? And casino films?",TRUE
2020-10-30,https://web.archive.org/web/20201030160249/https://twitter.com/MartiniGuyYT/status/1322206678645964800,1322206678645964800,".... do all sorts of dodgy stuff, i dont, i show my open trades every day whether they are in profit or not. I am good at trading, most people are not. But because of nanny state authoritarians that cant trade for toffee derivatives are being banned in the uk.",TRUE
2020-10-30,https://web.archive.org/web/20201030160249/https://twitter.com/MartiniGuyYT/status/1322206678645964800,1322206678645964800,"But ive spoken to  @RealCryptoV  many times in the past, iâ€™m surprised to see this backstab from someone who i expected knows better.   Someone who Iâ€™ve met in person.   It is disappointing to see such misrepresentation. Yes people mis promote, promise gains......",TRUE
2020-10-30,https://web.archive.org/web/20201030155720/https://twitter.com/MartiniGuyYT/status/1322205743286751237,1322205743286751200,"IF YOU DO NOT TRADE YOU SHOULD NOT LINK AN EXCHANGE because that is disingenuous and predatory if you are giving advice.  If like myself where i do trade all the time, i get asked for my ref link all the time as kind of a subscriber donation model, after all, my content is free.",TRUE
2020-10-30,https://web.archive.org/web/20201030155447/https://twitter.com/MartiniGuyYT/status/1322205152082829313,1322205152082829300,"And calling anybody that promotes an exchange a â€˜Fraudâ€™ and a â€˜Scammerâ€™ is defamatory.  There are safe ways to promote and unsafe ways, just as there are safe ways to use a knife but it can also kill you... should we ban knifes?  @RealCryptoV",TRUE
2020-10-30,https://web.archive.org/web/20201030155320/https://twitter.com/MartiniGuyYT/status/1322204761295302664,1322204761295302700,"Ultimately if people want to gamble, let them. If they dont, they dont have to...  If they want to trade and be serious then they stand a lot better chance of not getting rekt  I have no issues with  @Bybit_Official  referral links, this is a business not a charity.",TRUE
2020-10-30,https://web.archive.org/web/20201030155142/https://twitter.com/MartiniGuyYT/status/1322204208368623618,1322204208368623600,"On top of this contrary to popular belief put forward by bad actors, it is not profitable to encourage anybody to trade high leverage. There is no advantage to this, they will get rekt unless they are using leverage to withdraw equity which is something Iâ€™ve done in the past",TRUE
2020-10-30,https://web.archive.org/web/20201030154916/https://twitter.com/MartiniGuyYT/status/1322203732407472131,1.3222037324074721e+18,"To add to this point, the whole â€œexposingâ€ community has lost its way. They do not focus on actual scams, the focus on creating shock factor content.  Case in point, i actively promote the safe use of these platforms and call out anybody promoting risky trading",TRUE
2020-10-30,https://web.archive.org/web/20201030154633/https://twitter.com/MartiniGuyYT/status/1322203010244726784,1322203010244726800,"I have now, im not breaking any laws or rules, i dont believe it is wrong fundamentally at all because i believe people are within their rights to do what they want with their money, im not a fan of nanny state  @RealCryptoV   People lose money, people make money, that is trading..",TRUE
2020-10-11,https://web.archive.org/web/20201011083438/https://twitter.com/MartiniGuyYT/status/1315209081704062977,1315209081704063e3,The amount of  available to buy on exchanges is at a 2 year low and is falling very rapidly   When a scare asset has a dramatic fall in supply it is customary for the price to go bananas ğŸš€ğŸš€ pic.twitter.com/HDVSniZiTX,TRUE
2020-09-30,https://web.archive.org/web/20200930155427/https://twitter.com/MartiniGuyYT/status/1311330674498994179,1311330674498994200,Hey  @BinanceJE  is this real? pic.twitter.com/MdtvRzQ4Jj,TRUE
2020-09-08,https://web.archive.org/web/20200908130908/https://twitter.com/MartiniGuyYT/status/1303319316822142976,1303319316822143e3,NA,TRUE
2020-09-06,https://web.archive.org/web/20200906001736/https://twitter.com/MartiniGuyYT/status/1302400448968699904,13024004489687e5,"#TRON  trying to take some  #DEFI  market share from  #Ethereum  ğŸ‘€  I have far from given up on crypto on this downtrend  Ultimately dumps happen, it doesn stop development or adoption ğŸš€ https://twitter.com/justinsuntron/status/1302299477420564480",TRUE
2020-08-27,https://web.archive.org/web/20200827193235/https://twitter.com/MartiniGuyYT/status/1299067261517475842,1299067261517475800,Bro she hast posted in 11 months pic.twitter.com/c7yylyVbPw,TRUE
2020-08-21,https://web.archive.org/web/20200821181751/https://twitter.com/MartiniGuyYT/status/1296873285918101507,1296873285918101500,Stonks Down =  Down pic.twitter.com/3bKOK8dVgU,TRUE
2020-08-21,https://web.archive.org/web/20200821170321/https://twitter.com/MartiniGuyYT/status/1296855328634613761,1296855328634613800,JUST DUMPED HARD! https://twitter.com/martiniguyyt/status/1296852920466657280,TRUE
2020-08-16,https://web.archive.org/web/20200816161901/https://twitter.com/MartiniGuyYT/status/1295031958435766277,1295031958435766300,I think  @Brad_Laurie  might be a scammer  What do you think?,TRUE
2020-08-03,https://web.archive.org/web/20200803194718/https://twitter.com/MartiniGuyYT/status/1290373567843119104,1290373567843119e3,"i used to have a mini with martini livery, then a couple years later i quit my job, made some smart business moves at my young age i managed to pay for my big, loud, expensive toy.  If anyone asked me 2 years ago if i thought it were possible i would call them deluded ğŸš€",TRUE
2020-07-29,https://web.archive.org/web/20200729164113/https://twitter.com/MartiniGuyYT/status/1288514780974718977,1288514780974719e3,"â€˜Its a real personâ€™ ğŸ˜‚ no, itâ€™s a bot. pic.twitter.com/oXElmxKntz",TRUE
2020-07-29,https://web.archive.org/web/20200729163647/https://twitter.com/MartiniGuyYT/status/1288513585753346049,1288513585753346e3,Hey  @InjectiveLabs  are you buying twitter bots to shill your coin in my comments? https://twitter.com/1iilongeuac/status/1288506707702759425,TRUE
2020-06-01,https://web.archive.org/web/20200601095939/https://twitter.com/MartiniGuyYT/status/1267392896870858752,1267392896870858800,I wonder if the USA is going to have a massive spike in cases this week...  https://www.instagram.com/p/CA2i48GA0Ng/?igshid=un1xkflyy4od,TRUE
2020-05-18,https://web.archive.org/web/20200518234609/https://twitter.com/MartiniGuyYT/status/1262526818122375169,1262526818122375200,"I find this very obtuse, i have worked hard for what i have well before i had it",TRUE
2020-05-18,https://web.archive.org/web/20200518231307/https://twitter.com/MartiniGuyYT/status/1262520963461152769,1262520963461152800,And how would you know this?,TRUE
2020-03-16,https://web.archive.org/web/20200316172505/https://twitter.com/MartiniGuyYT/status/1239601941572980739,1239601941572980700,"Im uber paranoid, i have a private garage in the car park where i live but im dreading the trip to stratford  @Tesco  and getting both doors dinged and some chav sitting on the bonnet taking a selfie",TRUE
2020-03-14,https://web.archive.org/web/20200314210823/https://twitter.com/MartiniGuyYT/status/1238931921184477186,1238931921184477200,This video view counter is stuck on 207 views ğŸ¤£ https://twitter.com/MartiniGuyYT/status/1238923069101674496,TRUE
2020-03-09,https://web.archive.org/web/20200309083006/https://twitter.com/MartiniGuyYT/status/1236930750290833410,1236930750290833400,pic.twitter.com/SO69wYdW8n,TRUE
2020-02-06,https://web.archive.org/web/20200206180649/https://twitter.com/MartiniGuyYT/status/1225480984352772097,1225480984352772e3,@SirToshiTV Good think i own both ğŸ˜‰,TRUE
2020-01-24,https://web.archive.org/web/20200124154956/https://twitter.com/MartiniGuyYT/status/1220725926796910593,1220725926796910600,Because  @bgarlinghouse  needs more money...   Those mega yachts wonâ€™t buy themselves https://twitter.com/theblock__/status/1220616409782333440,TRUE
2020-01-21,https://web.archive.org/web/20200121103543/https://twitter.com/MartiniGuyYT/status/1219564355387318273,1219564355387318300,Sometimes i like london  Pollution can be beautiful pic.twitter.com/6IWysKxbmg,TRUE
2020-01-16,https://web.archive.org/web/20200116212051/https://twitter.com/MartiniGuyYT/status/1217919669253951488,1217919669253951500,"RT @MartiniGuyYT: NEW VIDEO!  HUGE BITCOIN VOLATILITY INCOMING! Craig Wright exposes his bitcoin holdings!  Bitcoin TA + Bitcoin News, CHECâ€¦",TRUE
2019-12-24,https://web.archive.org/web/20191224154428/https://twitter.com/MartiniGuyYT/status/1209498705000370176,1209498705000370200,I know why crypto youtubers are being struck down by  @YTCreators    Video dropping Xmas day pic.twitter.com/5CaGAp82aZ,TRUE
2019-10-12,https://web.archive.org/web/20191012103625/https://twitter.com/MartiniGuyYT/status/1182966735839858688,1182966735839858700,"There are plenty of scammers attending  @ForumChallenge  event and i will be there to call them out on their baloney.  I have just got back from Korea Blockchain Week, i have never seen a higher concentration of scammers in my life.  We need to take a stand and put a stop to this.",TRUE
2019-10-12,https://web.archive.org/web/20191012103625/https://twitter.com/MartiniGuyYT/status/1182966735839858688,1182966735839858700,This is kind of disgusting to be honest  @ForumChallenge . Blockchain is built to be transparent and border free.   It doesn't take a genius to put 2+2 together and work out that because of  @on_yavin  background he is being treated differently. https://twitter.com/on_yavin/status/1182677849725177856,TRUE
2019-09-18,https://web.archive.org/web/20190918150635/https://twitter.com/MartiniGuyYT/status/1174338236509868032,1174338236509868e3,"@jasonhowdoo  i also think this should be by default not allowed,  @skystruckcrypto  we are all pro non censorship here but recognise there are boundaries and parental controls that need to be taken into account, the app is still in BETA so with time all shall be resolved",TRUE
2019-01-17,https://web.archive.org/web/20190117083025/https://twitter.com/MartiniGuyYT/status/1085816600282968064,1.0858166002829681e+18,RT @Crypto_poet_: yo @ToneVays @MartiniGuyYT  i know you hate #scams scams in crypto.... i know there is 100`s and we can never get them alâ€¦,TRUE
2018-04-24,https://web.archive.org/web/20180424235516/https://twitter.com/MartiniGuyYT/status/988929398417100800,988929398417100800,"don't run with the markets, 90% of the mongs in there get burned",TRUE
